Metrics/EpRet,Metrics/EpCost,Metrics/EpLen,Time/Total,Time/Epoch,Time/Update,Time/Evaluate,Train/Epoch,TotalSteps,Loss/Loss_diffuser,Loss/Loss_inv,Loss/Loss_total
nan,nan,nan,195.00082397460938,195.00082397460938,195.00082397460938,0.0,1.0,1000.0,0.053290560841560364,0.00325229880400002,0.028271431103348732
nan,nan,nan,395.8721923828125,200.8713836669922,200.8713836669922,0.0,2.0,2000.0,0.01641617901623249,0.00013900408521294594,0.008277591317892075
nan,nan,nan,620.5956420898438,224.72341918945312,224.72341918945312,0.0,3.0,3000.0,0.012933570891618729,7.989168807398528e-05,0.006506731733679771
nan,nan,nan,860.4564208984375,239.86082458496094,239.86082458496094,0.0,4.0,4000.0,0.009213592857122421,4.280896609998308e-05,0.004628200549632311
nan,nan,nan,1049.928955078125,189.47256469726562,189.47256469726562,0.0,5.0,5000.0,0.007520345505326986,2.2868061932967976e-05,0.003771606832742691
nan,nan,nan,1234.0150146484375,184.08607482910156,184.08607482910156,0.0,6.0,6000.0,0.0069023859687149525,1.4681614629807882e-05,0.003458533901721239
nan,nan,nan,1416.8948974609375,182.8798370361328,182.8798370361328,0.0,7.0,7000.0,0.006379833444952965,1.0875737643800676e-05,0.0031953544821590185
nan,nan,nan,1604.7611083984375,187.86619567871094,187.86619567871094,0.0,8.0,8000.0,0.005758912302553654,8.357720616913866e-06,0.0028836349956691265
nan,nan,nan,1799.7628173828125,195.00169372558594,195.00169372558594,0.0,9.0,9000.0,0.005132101010531187,6.954475338716293e-06,0.0025695280637592077
nan,nan,nan,1983.953369140625,184.1905517578125,184.1905517578125,0.0,10.0,10000.0,0.004655828699469566,5.533905550691998e-06,0.002330681076273322
nan,nan,nan,2165.129638671875,181.1763153076172,181.1763153076172,0.0,11.0,11000.0,0.004304318223148584,4.668258043238893e-06,0.0021544932387769222
nan,nan,nan,2416.50146484375,251.37188720703125,251.37188720703125,0.0,12.0,12000.0,0.003940134774893522,4.111371708859224e-06,0.001972123049199581
nan,nan,nan,2623.71923828125,207.2177734375,207.2177734375,0.0,13.0,13000.0,0.003827776061370969,3.3457895369792823e-06,0.0019155606860294938
nan,nan,nan,2814.894287109375,191.17491149902344,191.17491149902344,0.0,14.0,14000.0,0.003621910000219941,3.0589051220886176e-06,0.0018124845810234547
nan,nan,nan,3000.90087890625,186.00662231445312,186.00662231445312,0.0,15.0,15000.0,0.0033500671852380037,2.7012779355573002e-06,0.001676384243182838
nan,nan,nan,3187.025634765625,186.12474060058594,186.12474060058594,0.0,16.0,16000.0,0.0033320903312414885,2.3534080355602782e-06,0.001667221775278449
nan,nan,nan,3373.837890625,186.8123321533203,186.8123321533203,0.0,17.0,17000.0,0.003155709244310856,2.346063411096111e-06,0.0015790276229381561
nan,nan,nan,3562.806640625,188.9687042236328,188.9687042236328,0.0,18.0,18000.0,0.0029962491244077682,2.0366792341519613e-06,0.0014991429634392262
nan,nan,nan,3750.621337890625,187.81483459472656,187.81483459472656,0.0,19.0,19000.0,0.0029852171428501606,1.8264677237311844e-06,0.0014935218496248126
nan,nan,nan,3938.5673828125,187.9458770751953,187.9458770751953,0.0,20.0,20000.0,0.002969354623928666,1.7513590364615084e-06,0.0014855529880151153
nan,nan,nan,4122.0751953125,183.50782775878906,183.50782775878906,0.0,21.0,21000.0,0.0028232454787939787,1.7199225794684025e-06,0.0014124829322099686
nan,nan,nan,4341.00537109375,218.93011474609375,218.93011474609375,0.0,22.0,22000.0,0.002654734533280134,1.6450445627924637e-06,0.0013281898573040962
nan,nan,nan,4575.91259765625,234.9075164794922,234.9075164794922,0.0,23.0,23000.0,0.002649883506819606,1.5104773183338693e-06,0.0013256969396024942
nan,nan,nan,4758.44091796875,182.5282745361328,182.5282745361328,0.0,24.0,24000.0,0.002620668150484562,1.4594927506550448e-06,0.001311063882894814
nan,nan,nan,4944.57275390625,186.1317596435547,186.1317596435547,0.0,25.0,25000.0,0.002574699465185404,1.2330907566138194e-06,0.0012879662681370974
nan,nan,nan,5152.7724609375,208.19972229003906,208.19972229003906,0.0,26.0,26000.0,0.0025833165273070335,1.2863292795373127e-06,0.0012923014583066106
nan,nan,nan,5402.37890625,249.60643005371094,249.60643005371094,0.0,27.0,27000.0,0.0023986424785107374,1.198795416712528e-06,0.0011999206617474556
nan,nan,nan,5603.28955078125,200.9105682373047,200.9105682373047,0.0,28.0,28000.0,0.0023855853360146284,1.248142211807135e-06,0.0011934168869629502
nan,nan,nan,5800.876953125,197.58746337890625,197.58746337890625,0.0,29.0,29000.0,0.002271030331030488,1.1143622486997629e-06,0.0011360723292455077
nan,nan,nan,5994.435546875,193.55841064453125,193.55841064453125,0.0,30.0,30000.0,0.002318491693586111,1.0636907745720237e-06,0.001159777631983161
nan,nan,nan,6193.21533203125,198.77967834472656,198.77967834472656,0.0,31.0,31000.0,0.0022274951916188,1.13017108560598e-06,0.001114312675781548
nan,nan,nan,6393.0302734375,199.81532287597656,199.81532287597656,0.0,32.0,32000.0,0.0021786270663142204,9.162734500023362e-07,0.0010897716274484992
nan,nan,nan,6585.15087890625,192.12051391601562,192.12051391601562,0.0,33.0,33000.0,0.0022077334579080343,9.333141974821046e-07,0.0011043334379792213
nan,nan,nan,6778.78369140625,193.63262939453125,193.63262939453125,0.0,34.0,34000.0,0.002139786258339882,9.589290357325808e-07,0.0010703725274652243
nan,nan,nan,6980.69775390625,201.91415405273438,201.91415405273438,0.0,35.0,35000.0,0.002134656999260187,9.544519343762659e-07,0.001067805802449584
nan,nan,nan,7176.9375,196.23983764648438,196.23983764648438,0.0,36.0,36000.0,0.00202380632981658,8.472841273032827e-07,0.0010123268002644181
nan,nan,nan,7377.607421875,200.67005920410156,200.67005920410156,0.0,37.0,37000.0,0.0020291723776608706,9.125471365223348e-07,0.001015042420476675
nan,nan,nan,7573.49072265625,195.8831024169922,195.8831024169922,0.0,38.0,38000.0,0.001984670991078019,8.711689361007302e-07,0.0009927710052579641
nan,nan,nan,7768.32861328125,194.8380584716797,194.8380584716797,0.0,39.0,39000.0,0.0019905942026525736,9.033038850247976e-07,0.0009957487927749753
nan,nan,nan,7963.66064453125,195.33193969726562,195.33193969726562,0.0,40.0,40000.0,0.0019520050846040249,8.491104495078616e-07,0.0009764271089807153
nan,nan,nan,8159.904296875,196.24359130859375,196.24359130859375,0.0,41.0,41000.0,0.002008238807320595,8.413832119913423e-07,0.0010045400122180581
nan,nan,nan,8358.703125,198.798583984375,198.798583984375,0.0,42.0,42000.0,0.0019177846843376756,8.40082634567807e-07,0.0009593124268576503
nan,nan,nan,8559.9873046875,201.28453063964844,201.28453063964844,0.0,43.0,43000.0,0.0018975627608597279,8.437518204118533e-07,0.0009492032695561647
nan,nan,nan,8754.431640625,194.4443359375,194.4443359375,0.0,44.0,44000.0,0.0018244378734380007,7.7069330473023e-07,0.0009126043296419084
nan,nan,nan,8951.154296875,196.7221221923828,196.7221221923828,0.0,45.0,45000.0,0.0019287393661215901,8.277541496681806e-07,0.0009647835395298898
nan,nan,nan,9147.0361328125,195.88214111328125,195.88214111328125,0.0,46.0,46000.0,0.0018004984594881535,8.015825869733817e-07,0.0009006500476971269
nan,nan,nan,9367.650390625,220.61424255371094,220.61424255371094,0.0,47.0,47000.0,0.0017967532621696591,7.759238087601261e-07,0.0008987645269371569
nan,nan,nan,9617.4208984375,249.7710723876953,249.7710723876953,0.0,48.0,48000.0,0.0018641366623342037,7.786891842442856e-07,0.000932457682210952
nan,nan,nan,9812.90234375,195.48062133789062,195.48062133789062,0.0,49.0,49000.0,0.0017807319527491927,8.201545824704226e-07,0.0008907760493457317
nan,nan,nan,10016.3515625,203.44972229003906,203.44972229003906,0.0,50.0,50000.0,0.0017203353345394135,6.958940730328322e-07,0.0008605156326666474
nan,nan,nan,10207.28515625,190.93392944335938,190.93392944335938,0.0,51.0,51000.0,0.0017337562749162316,8.021556823223364e-07,0.0008672793046571314
nan,nan,nan,10398.8955078125,191.6100616455078,191.6100616455078,0.0,52.0,52000.0,0.0016683605499565601,7.396724299724156e-07,0.0008345501264557242
nan,nan,nan,10595.0419921875,196.14625549316406,196.14625549316406,0.0,53.0,53000.0,0.0017110848566517234,8.371969215659192e-07,0.0008559610578231514
nan,nan,nan,10789.45703125,194.4155731201172,194.4155731201172,0.0,54.0,54000.0,0.0017146789468824863,6.505306373583153e-07,0.0008576647960580885
nan,nan,nan,10986.34375,196.88580322265625,196.88580322265625,0.0,55.0,55000.0,0.0017505590803921223,6.105519219090638e-07,0.0008755848393775523
nan,nan,nan,11182.45703125,196.11355590820312,196.11355590820312,0.0,56.0,56000.0,0.0016257775714620948,6.671654091405799e-07,0.0008132224320434034
nan,nan,nan,11375.515625,193.0584716796875,193.0584716796875,0.0,57.0,57000.0,0.0016499193152412772,6.927853064553346e-07,0.0008253060514107347
nan,nan,nan,11571.2890625,195.7735595703125,195.7735595703125,0.0,58.0,58000.0,0.001669308403506875,6.622481691920257e-07,0.0008349852869287133
nan,nan,nan,11766.392578125,195.10345458984375,195.10345458984375,0.0,59.0,59000.0,0.0016584828263148665,7.020184966677334e-07,0.0008295923471450806
nan,nan,nan,11959.96875,193.57632446289062,193.57632446289062,0.0,60.0,60000.0,0.0015866858884692192,7.02331874435913e-07,0.0007936941110529006
nan,nan,nan,12159.328125,199.35972595214844,199.35972595214844,0.0,61.0,61000.0,0.001564206089824438,7.119083988982311e-07,0.0007824591011740267
nan,nan,nan,12356.3623046875,197.033935546875,197.033935546875,0.0,62.0,62000.0,0.0015739522641524673,5.935312401561532e-07,0.0007872729329392314
nan,nan,nan,12551.3837890625,195.02166748046875,195.02166748046875,0.0,63.0,63000.0,0.0016458388417959213,6.64489220980613e-07,0.0008232517284341156
nan,nan,nan,12743.892578125,192.50820922851562,192.50820922851562,0.0,64.0,64000.0,0.0015924563631415367,6.445920348596701e-07,0.0007965504773892462
nan,nan,nan,12938.3505859375,194.4583282470703,194.4583282470703,0.0,65.0,65000.0,0.0014753916766494513,7.38879180062213e-07,0.0007380652241408825
nan,nan,nan,13136.12109375,197.77015686035156,197.77015686035156,0.0,66.0,66000.0,0.0016075883759185672,5.990723366267048e-07,0.0008040937245823443
nan,nan,nan,13340.6357421875,204.51466369628906,204.51466369628906,0.0,67.0,67000.0,0.0015752051258459687,6.302836368377029e-07,0.0007879177574068308
nan,nan,nan,13534.4521484375,193.81640625,193.81640625,0.0,68.0,68000.0,0.0015466177137568593,6.615829306610976e-07,0.00077363959280774
nan,nan,nan,13729.8076171875,195.35577392578125,195.35577392578125,0.0,69.0,69000.0,0.001492327661253512,6.45644490759878e-07,0.000746486650314182
nan,nan,nan,13922.6435546875,192.8363494873047,192.8363494873047,0.0,70.0,70000.0,0.0014854539185762405,6.205850695550907e-07,0.000743037206120789
nan,nan,nan,14119.9345703125,197.29043579101562,197.29043579101562,0.0,71.0,71000.0,0.0015175644075497985,5.734086698794272e-07,0.0007590689929202199
nan,nan,nan,14321.177734375,201.2429656982422,201.2429656982422,0.0,72.0,72000.0,0.0014807776315137744,6.896354989294196e-07,0.0007407336961477995
nan,nan,nan,14515.880859375,194.70358276367188,194.70358276367188,0.0,73.0,73000.0,0.0014713293639943004,5.727765142182761e-07,0.0007359510636888444
nan,nan,nan,14712.1513671875,196.27035522460938,196.27035522460938,0.0,74.0,74000.0,0.0014715121360495687,6.362997169162554e-07,0.0007360742310993373
nan,nan,nan,14908.3349609375,196.18399047851562,196.18399047851562,0.0,75.0,75000.0,0.0014246456557884812,5.663175102199602e-07,0.0007126059499569237
nan,nan,nan,15102.5625,194.2269744873047,194.2269744873047,0.0,76.0,76000.0,0.0014414007309824228,8.510846782883164e-07,0.0007211259799078107
nan,nan,nan,15300.4873046875,197.92532348632812,197.92532348632812,0.0,77.0,77000.0,0.0014125831658020616,5.305988679538132e-07,0.0007065568352118134
nan,nan,nan,15497.6884765625,197.20050048828125,197.20050048828125,0.0,78.0,78000.0,0.0013925537932664156,6.045705163160164e-07,0.0006965792272239923
nan,nan,nan,15692.193359375,194.50531005859375,194.50531005859375,0.0,79.0,79000.0,0.0013867822708562016,6.672673862340162e-07,0.0006937247235327959
nan,nan,nan,15888.2392578125,196.04620361328125,196.04620361328125,0.0,80.0,80000.0,0.0013766477350145578,5.697611982213857e-07,0.0006886087940074503
nan,nan,nan,16081.6787109375,193.4391632080078,193.4391632080078,0.0,81.0,81000.0,0.001409774529747665,6.452568186432472e-07,0.0007052099099382758
nan,nan,nan,16277.3994140625,195.72122192382812,195.72122192382812,0.0,82.0,82000.0,0.0013691531494259834,6.459503083533491e-07,0.0006848995690234005
nan,nan,nan,16475.892578125,198.49209594726562,198.49209594726562,0.0,83.0,83000.0,0.0014044286217540503,5.888092573513859e-07,0.0007025086670182645
nan,nan,nan,16667.65234375,191.7610626220703,191.7610626220703,0.0,84.0,84000.0,0.0013806854840368032,5.523062327483785e-07,0.0006906188791617751
nan,nan,nan,16863.70703125,196.05374145507812,196.05374145507812,0.0,85.0,85000.0,0.0013619523961097002,6.213091978679586e-07,0.0006812869105488062
nan,nan,nan,17063.205078125,199.49862670898438,199.49862670898438,0.0,86.0,86000.0,0.0013682020362466574,6.463492923103331e-07,0.0006844242452643812
nan,nan,nan,17257.56640625,194.3614959716797,194.3614959716797,0.0,87.0,87000.0,0.0012990115210413933,6.261548151087482e-07,0.0006498188013210893
nan,nan,nan,17469.005859375,211.43869018554688,211.43869018554688,0.0,88.0,88000.0,0.001285633770748973,5.299907570588402e-07,0.0006430819048546255
nan,nan,nan,17721.767578125,252.761474609375,252.761474609375,0.0,89.0,89000.0,0.0012568393722176552,5.073079591966234e-07,0.0006286732968874276
nan,nan,nan,17908.31640625,186.5483856201172,186.5483856201172,0.0,90.0,90000.0,0.001342999516054988,5.808042828903126e-07,0.0006717901560477912
nan,nan,nan,18090.421875,182.1070098876953,182.1070098876953,0.0,91.0,91000.0,0.001311509171500802,4.794664505425317e-07,0.0006559942848980427
nan,nan,nan,18272.396484375,181.9735107421875,181.9735107421875,0.0,92.0,92000.0,0.0012525060446932912,6.949825319679803e-07,0.000626600522082299
nan,nan,nan,18455.234375,182.8390655517578,182.8390655517578,0.0,93.0,93000.0,0.0013034286675974727,4.884857958131761e-07,0.0006519585149362683
nan,nan,nan,18643.08203125,187.8475341796875,187.8475341796875,0.0,94.0,94000.0,0.0013144364347681403,6.406435204553418e-07,0.000657538534142077
nan,nan,nan,18826.6484375,183.56515502929688,183.56515502929688,0.0,95.0,95000.0,0.0012471782974898815,5.212131668486109e-07,0.0006238497444428504
nan,nan,nan,19010.12109375,183.47251892089844,183.47251892089844,0.0,96.0,96000.0,0.0012860286515206099,5.769118160969811e-07,0.0006433028029277921
nan,nan,nan,19193.150390625,183.02989196777344,183.02989196777344,0.0,97.0,97000.0,0.0012070140801370144,5.735768695558363e-07,0.0006037938874214888
nan,nan,nan,19377.568359375,184.41790771484375,184.41790771484375,0.0,98.0,98000.0,0.0012430658098310232,5.275028343021404e-07,0.0006217967020347714
nan,nan,nan,19562.2734375,184.70538330078125,184.70538330078125,0.0,99.0,99000.0,0.001267051207832992,5.560259523917921e-07,0.0006338036619126797
nan,nan,nan,19746.83203125,184.55850219726562,184.55850219726562,0.0,100.0,100000.0,0.00127418281044811,5.959710733804968e-07,0.0006373893702402711
nan,nan,nan,19930.99609375,184.1634063720703,184.1634063720703,0.0,101.0,101000.0,0.0013016798766329885,5.624231107503874e-07,0.0006511211395263672
nan,nan,nan,20114.783203125,183.78836059570312,183.78836059570312,0.0,102.0,102000.0,0.0012408144539222121,4.6144035081852053e-07,0.0006206379039213061
nan,nan,nan,20299.4609375,184.67669677734375,184.67669677734375,0.0,103.0,103000.0,0.0012057798448950052,6.488099870693986e-07,0.0006032143719494343
nan,nan,nan,20484.080078125,184.61912536621094,184.61912536621094,0.0,104.0,104000.0,0.0012289542937651277,4.437832501480443e-07,0.000614699034485966
nan,nan,nan,20668.560546875,184.48094177246094,184.48094177246094,0.0,105.0,105000.0,0.001215960131958127,5.623340371130325e-07,0.0006082612089812756
nan,nan,nan,20851.8671875,183.30642700195312,183.30642700195312,0.0,106.0,106000.0,0.0012447804911062121,6.085426775825908e-07,0.0006226944969967008
nan,nan,nan,21035.173828125,183.30715942382812,183.30715942382812,0.0,107.0,107000.0,0.0011873624753206968,4.2484850837354315e-07,0.0005938936374150217
nan,nan,nan,21218.02734375,182.85250854492188,182.85250854492188,0.0,108.0,108000.0,0.0011688718805089593,5.350420337890682e-07,0.0005847034626640379
nan,nan,nan,21403.234375,185.20697021484375,185.20697021484375,0.0,109.0,109000.0,0.0011602675076574087,6.050235583643371e-07,0.0005804362008348107
nan,nan,nan,21587.056640625,183.82325744628906,183.82325744628906,0.0,110.0,110000.0,0.0011700124014168978,5.572578061219247e-07,0.0005852848407812417
nan,nan,nan,21771.009765625,183.9522247314453,183.9522247314453,0.0,111.0,111000.0,0.0011887827422469854,5.210193307902955e-07,0.0005946517921984196
nan,nan,nan,21954.0546875,183.04641723632812,183.04641723632812,0.0,112.0,112000.0,0.0011899233795702457,5.218604997025977e-07,0.0005952226347289979
nan,nan,nan,22137.265625,183.20947265625,183.20896911621094,0.0004999637603759766,113.0,113000.0,0.0012061482993885875,5.118675971971243e-07,0.0006033300305716693
nan,nan,nan,22320.30078125,183.03514099121094,183.03514099121094,0.0,114.0,114000.0,0.0012156148441135883,5.019057311983488e-07,0.0006080583552829921
nan,nan,nan,22503.314453125,183.0144805908203,183.0144805908203,0.0,115.0,115000.0,0.0012286958517506719,4.985353712072538e-07,0.0006145972292870283
nan,nan,nan,22686.458984375,183.14529418945312,183.14529418945312,0.0,116.0,116000.0,0.0011907715816050768,5.082885081719724e-07,0.0005956398090347648
nan,nan,nan,22868.9453125,182.48486328125,182.48435974121094,0.0,117.0,117000.0,0.0011676681460812688,5.182139943826769e-07,0.0005840930971316993
nan,nan,nan,23051.255859375,182.31069946289062,182.31069946289062,0.0,118.0,118000.0,0.0011651620734483004,5.14371890858456e-07,0.0005828382563777268
nan,nan,nan,23234.927734375,183.6732635498047,183.6732635498047,0.0,119.0,119000.0,0.0011596621479839087,7.568339128738444e-07,0.0005802094819955528
nan,nan,nan,23418.318359375,183.38967895507812,183.38967895507812,0.0,120.0,120000.0,0.001127536059357226,4.394967163534602e-07,0.0005639877635985613
nan,nan,nan,23602.017578125,183.69834899902344,183.69834899902344,0.0,121.0,121000.0,0.0011813502060249448,5.127702706886339e-07,0.0005909314495511353
nan,nan,nan,23784.484375,182.4670867919922,182.4670867919922,0.0,122.0,122000.0,0.0010614211205393076,5.03265141560405e-07,0.0005309622501954436
nan,nan,nan,23967.126953125,182.642333984375,182.642333984375,0.0,123.0,123000.0,0.0011864075204357505,5.343148927750008e-07,0.0005934709333814681
nan,nan,nan,24152.1171875,184.99197387695312,184.99197387695312,0.0,124.0,124000.0,0.0010770844528451562,4.5167291773395846e-07,0.0005387680721469223
nan,nan,nan,24334.3359375,182.2186737060547,182.2186737060547,0.0,125.0,125000.0,0.0011582592269405723,4.587937212363613e-07,0.000579359068069607
nan,nan,nan,24518.412109375,184.07623291015625,184.07623291015625,0.0,126.0,126000.0,0.0010925668757408857,5.160782734492386e-07,0.0005465414724312723
nan,nan,nan,24701.01953125,182.60610961914062,182.60610961914062,0.0,127.0,127000.0,0.001078143366612494,4.810049176739994e-07,0.0005393121391534805
nan,nan,nan,24885.083984375,184.06497192382812,184.06497192382812,0.0,128.0,128000.0,0.0011228196090087295,5.026104759053851e-07,0.0005616611451841891
nan,nan,nan,25069.15625,184.07289123535156,184.07289123535156,0.0,129.0,129000.0,0.0011694281129166484,5.35058859441051e-07,0.0005849816370755434
nan,nan,nan,25253.203125,184.04620361328125,184.04620361328125,0.0,130.0,130000.0,0.0011329781264066696,4.496770884543366e-07,0.0005667138611897826
nan,nan,nan,25436.154296875,182.9505157470703,182.9505157470703,0.0,131.0,131000.0,0.0011030089808627963,4.1588134536141297e-07,0.000551712466403842
nan,nan,nan,25620.576171875,184.42164611816406,184.42164611816406,0.0,132.0,132000.0,0.0011161394650116563,6.332471684800112e-07,0.0005583863821811974
nan,nan,nan,25804.6640625,184.0882110595703,184.0882110595703,0.0,133.0,133000.0,0.0011085650185123086,4.4005136601299455e-07,0.0005545024760067463
nan,nan,nan,25990.39453125,185.73097229003906,185.73097229003906,0.0,134.0,134000.0,0.00105529953725636,5.586711040450609e-07,0.0005279291071929038
nan,nan,nan,26172.974609375,182.58070373535156,182.58070373535156,0.0,135.0,135000.0,0.0010535605251789093,4.186481135093345e-07,0.0005269895191304386
nan,nan,nan,26355.59765625,182.6216278076172,182.6216278076172,0.0,136.0,136000.0,0.001078657223843038,4.361024252830248e-07,0.0005395466578193009
nan,nan,nan,26541.0859375,185.48924255371094,185.48924255371094,0.0,137.0,137000.0,0.001028008060529828,5.01688816711976e-07,0.0005142548470757902
nan,nan,nan,26726.173828125,185.08795166015625,185.08795166015625,0.0,138.0,138000.0,0.0010779135627672076,4.397060138217057e-07,0.0005391765735112131
nan,nan,nan,26911.68359375,185.5101776123047,185.5101776123047,0.0,139.0,139000.0,0.0010637770174071193,5.503407010110095e-07,0.0005321635981090367
nan,nan,nan,27094.615234375,182.9318389892578,182.9318389892578,0.0,140.0,140000.0,0.0010746715124696493,5.20694868555438e-07,0.0005375961773097515
nan,nan,nan,27278.15625,183.54116821289062,183.54116821289062,0.0,141.0,141000.0,0.0010305942269042134,4.705344451849669e-07,0.000515532388817519
nan,nan,nan,27459.685546875,181.5283203125,181.5283203125,0.0,142.0,142000.0,0.0010668884497135878,4.295199289572338e-07,0.0005336589529179037
nan,nan,nan,27643.77734375,184.09158325195312,184.09158325195312,0.0,143.0,143000.0,0.0010288506746292114,6.370744927153282e-07,0.0005147439078427851
nan,nan,nan,27826.57421875,182.79660034179688,182.79660034179688,0.0,144.0,144000.0,0.0010847910307347775,5.067976758255099e-07,0.000542648893315345
nan,nan,nan,28010.1484375,183.57479858398438,183.57479858398438,0.0,145.0,145000.0,0.001086676144041121,4.2325038407398097e-07,0.000543549656867981
nan,nan,nan,28194.798828125,184.6503143310547,184.6503143310547,0.0,146.0,146000.0,0.0010831888066604733,6.16375359641097e-07,0.0005419025546871126
nan,nan,nan,28377.107421875,182.3081512451172,182.3081512451172,0.0,147.0,147000.0,0.001047685625962913,3.273914899182273e-07,0.0005240065511316061
nan,nan,nan,28561.421875,184.31480407714844,184.31480407714844,0.0,148.0,148000.0,0.0010216499213129282,4.792879053638899e-07,0.0005110646598041058
nan,nan,nan,28745.068359375,183.64706420898438,183.64706420898438,0.0,149.0,149000.0,0.0010498277842998505,5.052763185631193e-07,0.0005251666298136115
nan,nan,nan,28927.62109375,182.55152893066406,182.55152893066406,0.0,150.0,150000.0,0.0010486493119969964,4.5552437200058193e-07,0.0005245524807833135
nan,nan,nan,29110.673828125,183.05433654785156,183.05433654785156,0.0,151.0,151000.0,0.0010284911841154099,4.0054402461464633e-07,0.0005144457682035863
nan,nan,nan,29294.7265625,184.05117797851562,184.05117797851562,0.0,152.0,152000.0,0.0009886932093650103,5.080738105789351e-07,0.0004946006811223924
nan,nan,nan,29478.2578125,183.53184509277344,183.53184509277344,0.0,153.0,153000.0,0.0011247689835727215,3.922591531591024e-07,0.0005625807098113
nan,nan,nan,29663.2734375,185.0149383544922,185.0149383544922,0.0,154.0,154000.0,0.0010115810437127948,5.106942921884183e-07,0.0005060458788648248
nan,nan,nan,29847.158203125,183.885498046875,183.885498046875,0.0,155.0,155000.0,0.0011324224760755897,4.2872940753113653e-07,0.0005664255586452782
nan,nan,nan,30030.306640625,183.14910888671875,183.14910888671875,0.0,156.0,156000.0,0.0009707534336484969,4.256972658822633e-07,0.0004855895531363785
nan,nan,nan,30214.39453125,184.0865020751953,184.0865020751953,0.0,157.0,157000.0,0.0010176656069234014,4.444106025403016e-07,0.0005090550403110683
nan,nan,nan,30400.80859375,186.41531372070312,186.41531372070312,0.0,158.0,158000.0,0.0010320073924958706,4.79102027384215e-07,0.0005162432207725942
nan,nan,nan,30583.62109375,182.81166076660156,182.81166076660156,0.0,159.0,159000.0,0.0010330722434446216,4.306146763610741e-07,0.0005167514318600297
nan,nan,nan,30768.16796875,184.54803466796875,184.54803466796875,0.0,160.0,160000.0,0.0010343887843191624,4.954515588906361e-07,0.0005174421239644289
nan,nan,nan,30949.640625,181.4716339111328,181.4716339111328,0.0,161.0,161000.0,0.0010143950348719954,4.7280744297495403e-07,0.0005074338987469673
nan,nan,nan,31133.419921875,183.779052734375,183.779052734375,0.0,162.0,162000.0,0.0010050216224044561,4.037687801883294e-07,0.000502712675370276
nan,nan,nan,31317.302734375,183.8828125,183.8828125,0.0,163.0,163000.0,0.001004235353320837,4.7092888166844205e-07,0.0005023531848564744
nan,nan,nan,31503.82421875,186.5213165283203,186.5213165283203,0.0,164.0,164000.0,0.0010064942762255669,4.420581660724565e-07,0.0005034681526012719
nan,nan,nan,31686.142578125,182.31822204589844,182.31822204589844,0.0,165.0,165000.0,0.001000157673843205,4.6391247110477707e-07,0.0005003107944503427
nan,nan,nan,31869.177734375,183.03480529785156,183.03480529785156,0.0,166.0,166000.0,0.0010056085884571075,4.1834283592834254e-07,0.0005030134925618768
nan,nan,nan,32054.70703125,185.53054809570312,185.53054809570312,0.0,167.0,167000.0,0.0010055475868284702,4.790755383510259e-07,0.000503013376146555
nan,nan,nan,32240.0078125,185.300537109375,185.300537109375,0.0,168.0,168000.0,0.0009986533550545573,3.769751231175178e-07,0.0004995151539333165
nan,nan,nan,32424.244140625,184.2356719970703,184.2356719970703,0.0,169.0,169000.0,0.0009597077150829136,5.178330297894718e-07,0.0004801127943210304
nan,nan,nan,32606.8359375,182.5923309326172,182.5923309326172,0.0,170.0,170000.0,0.0009687890415079892,3.489305981929647e-07,0.00048456902732141316
nan,nan,nan,32789.33203125,182.49574279785156,182.49574279785156,0.0,171.0,171000.0,0.0010331113589927554,5.051970788372273e-07,0.0005168082425370812
nan,nan,nan,32972.59375,183.26339721679688,183.26339721679688,0.0,172.0,172000.0,0.0010153594193980098,4.971735734216054e-07,0.0005079282564111054
nan,nan,nan,33158.74609375,186.15182495117188,186.15182495117188,0.0,173.0,173000.0,0.000928772846236825,3.64861620028023e-07,0.0004645688459277153
nan,nan,nan,33343.06640625,184.31793212890625,184.31793212890625,0.0,174.0,174000.0,0.0010051800636574626,4.4845879187960236e-07,0.0005028143059462309
nan,nan,nan,33527.734375,184.66983032226562,184.66983032226562,0.0,175.0,175000.0,0.0009152790298685431,4.404041078487353e-07,0.0004578597145155072
nan,nan,nan,33710.703125,182.96670532226562,182.96670532226562,0.0,176.0,176000.0,0.0009566886001266539,4.6795057073723e-07,0.0004785782948601991
nan,nan,nan,33892.53125,181.8291473388672,181.8291473388672,0.0,177.0,177000.0,0.0009280017693527043,4.7457487539759313e-07,0.00046423819730989635
nan,nan,nan,34077.0859375,184.5562286376953,184.5562286376953,0.0,178.0,178000.0,0.0009334823116660118,3.7486739756786847e-07,0.0004669285553973168
nan,nan,nan,34261.20703125,184.12181091308594,184.12181091308594,0.0,179.0,179000.0,0.000972901179920882,4.1672899442346534e-07,0.00048665894428268075
nan,nan,nan,34444.33203125,183.12417602539062,183.12417602539062,0.0,180.0,180000.0,0.0009685478289611638,4.144669389916089e-07,0.0004844811628572643
nan,nan,nan,34629.40625,185.0714111328125,185.0714111328125,0.0,181.0,181000.0,0.0009510790114291012,3.902444518644188e-07,0.0004757345886901021
nan,nan,nan,34813.5,184.09686279296875,184.09686279296875,0.0,182.0,182000.0,0.000928652414586395,4.4220553263585316e-07,0.0004645473381970078
nan,nan,nan,34998.05859375,184.55792236328125,184.55792236328125,0.0,183.0,183000.0,0.0009774273494258523,3.4956886452164326e-07,0.0004888884141109884
nan,nan,nan,35180.4453125,182.38414001464844,182.38414001464844,0.0,184.0,184000.0,0.0009658759809099138,4.3304979158165224e-07,0.00048315449384972453
nan,nan,nan,35363.19140625,182.7470703125,182.7470703125,0.0,185.0,185000.0,0.0009363667340949178,4.3036271790697356e-07,0.00046839850256219506
nan,nan,nan,35552.31640625,189.12582397460938,189.12582397460938,0.0,186.0,186000.0,0.0009528310038149357,4.940322355651006e-07,0.00047666250611655414
nan,nan,nan,35735.18359375,182.86807250976562,182.86807250976562,0.0,187.0,187000.0,0.0009394492954015732,3.426062278322206e-07,0.0004698959528468549
nan,nan,nan,35921.7109375,186.525390625,186.525390625,0.0,188.0,188000.0,0.0009071296663023531,4.494193603932217e-07,0.00045378957292996347
nan,nan,nan,36104.859375,183.15098571777344,183.15098571777344,0.0,189.0,189000.0,0.0009373875800520182,3.4725624686871015e-07,0.00046886742347851396
nan,nan,nan,36288.8671875,184.00729370117188,184.00729370117188,0.0,190.0,190000.0,0.0009189070551656187,6.614936864934862e-07,0.00045978420530445874
nan,nan,nan,36473.1171875,184.25050354003906,184.25050354003906,0.0,191.0,191000.0,0.0008995130774565041,3.06990301623955e-07,0.00044991003233008087
nan,nan,nan,36657.85546875,184.7355499267578,184.7355499267578,0.0,192.0,192000.0,0.0009395589586347342,3.8132677104840695e-07,0.00046997013851068914
nan,nan,nan,36842.65625,184.8002166748047,184.8002166748047,0.0,193.0,193000.0,0.0008576801046729088,4.2532994370958477e-07,0.00042905271402560174
nan,nan,nan,37029.671875,187.01780700683594,187.01780700683594,0.0,194.0,194000.0,0.0009030969231389463,3.9574121046825894e-07,0.00045174636761657894
nan,nan,nan,37213.796875,184.1231231689453,184.1231231689453,0.0,195.0,195000.0,0.0009146978845819831,3.6627872646022297e-07,0.00045753203448839486
nan,nan,nan,37397.92578125,184.13031005859375,184.13031005859375,0.0,196.0,196000.0,0.0009494022815488279,3.9112416061470867e-07,0.0004748967185150832
nan,nan,nan,37586.09375,188.16763305664062,188.16763305664062,0.0,197.0,197000.0,0.0009363938588649035,4.16502274447339e-07,0.0004684051382355392
nan,nan,nan,37769.8046875,183.71243286132812,183.71243286132812,0.0,198.0,198000.0,0.0009445801842957735,3.596080944134883e-07,0.0004724699247162789
nan,nan,nan,37953.859375,184.0552520751953,184.05474853515625,0.0,199.0,199000.0,0.00092513975687325,4.169106944118539e-07,0.00046277832007035613
nan,nan,nan,38137.57421875,183.71263122558594,183.71263122558594,0.0,200.0,200000.0,0.0009066581842489541,3.8180192518666445e-07,0.0004535200132522732
nan,nan,nan,38323.3671875,185.79220581054688,185.79220581054688,0.0,201.0,201000.0,0.0009223251254297793,3.782680551012163e-07,0.00046135165030136704
nan,nan,nan,38510.08984375,186.72593688964844,186.72593688964844,0.0,202.0,202000.0,0.0009388443431816995,3.5985959812023793e-07,0.0004696020914707333
nan,nan,nan,38695.79296875,185.7015838623047,185.7015838623047,0.0,203.0,203000.0,0.0009081682073883712,4.808330231753644e-07,0.00045432450133375823
nan,nan,nan,38879.73828125,183.94580078125,183.94534301757812,0.0,204.0,204000.0,0.0009149482357315719,2.8505613158813503e-07,0.0004576166393235326
nan,nan,nan,39064.86328125,185.1261749267578,185.1261749267578,0.0,205.0,205000.0,0.0008841149392537773,4.2468136030038295e-07,0.0004422697820700705
nan,nan,nan,39251.49609375,186.631591796875,186.631591796875,0.0,206.0,206000.0,0.0009272455936297774,3.5708990253624506e-07,0.0004638013197109103
nan,nan,nan,39439.78515625,188.28982543945312,188.28982543945312,0.0,207.0,207000.0,0.0009041010052897036,4.1341652945448004e-07,0.0004522571980487555
nan,nan,nan,39626.94140625,187.15570068359375,187.15570068359375,0.0,208.0,208000.0,0.0008574393577873707,3.2061834076557716e-07,0.00042887998279184103
nan,nan,nan,39809.8984375,182.9574737548828,182.9574737548828,0.0,209.0,209000.0,0.0008783265948295593,3.683944953536411e-07,0.00043934749555774033
nan,nan,nan,39993.7109375,183.8092498779297,183.8092498779297,0.0,210.0,210000.0,0.0008999210549518466,3.916378830126632e-07,0.0004501563380472362
nan,nan,nan,40177.89453125,184.18380737304688,184.18380737304688,0.0,211.0,211000.0,0.000891368486918509,4.0280662005898193e-07,0.00044588567106984556
nan,nan,nan,40362.3046875,184.41253662109375,184.41204833984375,0.0,212.0,212000.0,0.0008945556473918259,4.136712448143953e-07,0.0004474846355151385
nan,nan,nan,40546.27734375,183.9738311767578,183.9738311767578,0.0,213.0,213000.0,0.0008456209325231612,3.3087738415815693e-07,0.00042297589243389666
nan,nan,nan,40730.7578125,184.47998046875,184.47998046875,0.0,214.0,214000.0,0.0008847155841067433,4.220173082103429e-07,0.00044256876572035253
nan,nan,nan,40914.2734375,183.51292419433594,183.51292419433594,0.0,215.0,215000.0,0.0008581840083934367,4.3158888729522005e-07,0.00042930777999572456
nan,nan,nan,41096.703125,182.4322509765625,182.4322509765625,0.0,216.0,216000.0,0.0009000745485536754,3.7626836046911194e-07,0.00045022540143691003
nan,nan,nan,41278.63671875,181.9317169189453,181.9317169189453,0.0,217.0,217000.0,0.0008536233799532056,4.0436046333525155e-07,0.0004270138742867857
nan,nan,nan,41462.78515625,184.1494140625,184.1494140625,0.0,218.0,218000.0,0.0009401880670338869,3.486939306185377e-07,0.0004702683654613793
nan,nan,nan,41647.515625,184.72804260253906,184.72804260253906,0.0,219.0,219000.0,0.0008528693579137325,3.9132598317337397e-07,0.0004266303440090269
nan,nan,nan,41830.87109375,183.35525512695312,183.35476684570312,0.0004956722259521484,220.0,220000.0,0.0008619790314696729,4.056771558680339e-07,0.0004311923694331199
nan,nan,nan,42015.86328125,184.9929962158203,184.9929962158203,0.0,221.0,221000.0,0.0008225938072428107,3.4700181572588917e-07,0.0004114704206585884
nan,nan,nan,42200.5234375,184.65943908691406,184.65943908691406,0.0,222.0,222000.0,0.0009008472552523017,3.898188367656985e-07,0.0004506185359787196
nan,nan,nan,42387.6171875,187.09657287597656,187.09657287597656,0.0,223.0,223000.0,0.0008430503075942397,2.9679287649742037e-07,0.0004216735251247883
nan,nan,nan,42573.375,185.7554168701172,185.7554168701172,0.0,224.0,224000.0,0.0008497546659782529,4.579136714255583e-07,0.00042510629282332957
nan,nan,nan,42758.90234375,185.52685546875,185.52685546875,0.0,225.0,225000.0,0.0008877824293449521,2.86688248252176e-07,0.0004440345801413059
nan,nan,nan,42942.81640625,183.9149627685547,183.9149627685547,0.0,226.0,226000.0,0.0008396365446969867,3.6565873529070814e-07,0.00042000110261142254
nan,nan,nan,43127.4375,184.6223602294922,184.6223602294922,0.0,227.0,227000.0,0.0008704190258868039,3.6585981888492825e-07,0.0004353924305178225
nan,nan,nan,43311.0703125,183.63233947753906,183.63233947753906,0.0,228.0,228000.0,0.0008726879605092108,4.0919121602200903e-07,0.00043654852197505534
nan,nan,nan,43496.109375,185.0389862060547,185.0389862060547,0.0,229.0,229000.0,0.0008504032157361507,2.9038534421488293e-07,0.00042534677777439356
nan,nan,nan,43681.5625,185.45083618164062,185.45083618164062,0.0,230.0,230000.0,0.00089332862989977,3.949290885429946e-07,0.00044686178443953395
nan,nan,nan,43864.11328125,182.55360412597656,182.55360412597656,0.0,231.0,231000.0,0.000871742726303637,3.5774527873400075e-07,0.0004360502352938056
nan,nan,nan,44048.1171875,184.0032196044922,184.0032196044922,0.0,232.0,232000.0,0.0008828317513689399,3.319863992601313e-07,0.0004415818548295647
nan,nan,nan,44234.6640625,186.54757690429688,186.54757690429688,0.0,233.0,233000.0,0.0008755822200328112,3.3497425988571194e-07,0.00043795857345685363
nan,nan,nan,44419.78125,185.11692810058594,185.11692810058594,0.0,234.0,234000.0,0.0008571440121158957,3.6930239843968593e-07,0.0004287566407583654
nan,nan,nan,44603.1796875,183.39627075195312,183.39627075195312,0.0,235.0,235000.0,0.0008297319291159511,3.7632625549122167e-07,0.0004150541208218783
nan,nan,nan,44788.1015625,184.92462158203125,184.92462158203125,0.0,236.0,236000.0,0.0008378468919545412,3.175324252424616e-07,0.00041908217826858163
nan,nan,nan,44970.7734375,182.67214965820312,182.67214965820312,0.0,237.0,237000.0,0.0008786862017586827,3.7754548998236714e-07,0.0004395318974275142
nan,nan,nan,45155.765625,184.99237060546875,184.99237060546875,0.0,238.0,238000.0,0.0008041569381020963,3.662945573523757e-07,0.0004022616194561124
nan,nan,nan,45339.58203125,183.81582641601562,183.81582641601562,0.0,239.0,239000.0,0.0008199395961128175,4.0684733448870247e-07,0.00041017323383130133
nan,nan,nan,45522.8828125,183.2996368408203,183.2996368408203,0.0,240.0,240000.0,0.0008173086098395288,3.003564472692233e-07,0.00040880448068492115
nan,nan,nan,45712.203125,189.319580078125,189.319580078125,0.0,241.0,241000.0,0.0008608710486441851,5.744319651057594e-07,0.0004307227791287005
nan,nan,nan,45895.95703125,183.7549285888672,183.7549285888672,0.0,242.0,242000.0,0.0008161665755324066,2.2175240133037732e-07,0.000408194144256413
nan,nan,nan,46079.72265625,183.76426696777344,183.76426696777344,0.0,243.0,243000.0,0.0008354995516128838,3.6147213222648134e-07,0.0004179305105935782
nan,nan,nan,46263.41796875,183.69737243652344,183.69737243652344,0.0,244.0,244000.0,0.0008056999649852514,3.049366057439329e-07,0.00040300245746038854
nan,nan,nan,46448.92578125,185.5080108642578,185.5080108642578,0.0,245.0,245000.0,0.0008429281879216433,3.7130399732632213e-07,0.0004216496890876442
nan,nan,nan,46633.30078125,184.37344360351562,184.37344360351562,0.0,246.0,246000.0,0.0008234857232309878,3.911237058673578e-07,0.00041193843935616314
nan,nan,nan,46816.08203125,182.7804718017578,182.7804718017578,0.0,247.0,247000.0,0.0008264751522801816,3.283890919192345e-07,0.0004134017217438668
nan,nan,nan,46999.66796875,183.586669921875,183.586669921875,0.0,248.0,248000.0,0.0008956302190199494,2.8868711865470686e-07,0.0004479594645090401
nan,nan,nan,47185.01171875,185.34410095214844,185.34410095214844,0.0,249.0,249000.0,0.0008285633521154523,4.3064622445854184e-07,0.00041449698619544506
nan,nan,nan,47367.83984375,182.8272705078125,182.8272705078125,0.0,250.0,250000.0,0.0008154555107466877,2.970159300730302e-07,0.0004078762431163341
nan,nan,nan,47551.3515625,183.51356506347656,183.51356506347656,0.0,251.0,251000.0,0.0008648251532576978,4.064123118041607e-07,0.00043261575046926737
nan,nan,nan,47735.38671875,184.03294372558594,184.03294372558594,0.0,252.0,252000.0,0.0008192706736736,2.99326615049722e-07,0.00040978501783683896
nan,nan,nan,47920.421875,185.0377960205078,185.0377960205078,0.0,253.0,253000.0,0.0008157109841704369,4.2880543560386286e-07,0.00040806987090036273
nan,nan,nan,48102.609375,182.18638610839844,182.18638610839844,0.0,254.0,254000.0,0.0008272068225778639,2.922309079167462e-07,0.0004137495707254857
nan,nan,nan,48285.984375,183.37596130371094,183.37596130371094,0.0,255.0,255000.0,0.0007972370367497206,3.135425004074932e-07,0.00039877532981336117
nan,nan,nan,48470.84765625,184.8638458251953,184.8638458251953,0.0,256.0,256000.0,0.0007945291581563652,3.4749919564092124e-07,0.0003974382998421788
nan,nan,nan,48655.53515625,184.6844482421875,184.6844482421875,0.0,257.0,257000.0,0.0008313155267387629,3.2370496683142846e-07,0.00041581958066672087
nan,nan,nan,48841.87890625,186.34376525878906,186.34376525878906,0.0,258.0,258000.0,0.0008136256947182119,3.3455791026426596e-07,0.0004069801070727408
nan,nan,nan,49027.09375,185.21502685546875,185.21453857421875,0.000499725341796875,259.0,259000.0,0.0007952618761919439,3.0133833206491545e-07,0.00039778160862624645
nan,nan,nan,49216.07421875,188.98291015625,188.98291015625,0.0,260.0,260000.0,0.0008070297189988196,4.2308116121603234e-07,0.00040372638613916934
nan,nan,nan,49401.55859375,185.48406982421875,185.4835662841797,0.0,261.0,261000.0,0.0007778615690767765,3.462690472133545e-07,0.0003891039523296058
nan,nan,nan,49588.33203125,186.77284240722656,186.77284240722656,0.0,262.0,262000.0,0.0008359509520232677,2.812198829360568e-07,0.0004181161639280617
nan,nan,nan,49774.9765625,186.64488220214844,186.64488220214844,0.0,263.0,263000.0,0.0008282244671136141,3.4947180438393843e-07,0.00041428697295486927
nan,nan,nan,49962.94921875,187.97348022460938,187.97348022460938,0.0,264.0,264000.0,0.0008722778293304145,3.56384248334507e-07,0.0004363171465229243
nan,nan,nan,50145.72265625,182.77244567871094,182.77244567871094,0.0,265.0,265000.0,0.0008034146740101278,2.9435824444590253e-07,0.00040185454417951405
nan,nan,nan,50332.6171875,186.89566040039062,186.89566040039062,0.0,266.0,266000.0,0.0007935030735097826,2.8291023568272067e-07,0.00039689295226708055
nan,nan,nan,50518.1953125,185.57565307617188,185.57565307617188,0.0,267.0,267000.0,0.0007732202648185194,2.774884251266485e-07,0.0003867488703690469
nan,nan,nan,50703.59765625,185.40313720703125,185.40313720703125,0.0,268.0,268000.0,0.0008286317461170256,3.5799376973955077e-07,0.0004144948616158217
nan,nan,nan,50891.91796875,188.318359375,188.318359375,0.0,269.0,269000.0,0.000772551167756319,3.1079750328899536e-07,0.000386430969228968
nan,nan,nan,51076.1484375,184.23268127441406,184.23268127441406,0.0,270.0,270000.0,0.0007717027910985053,2.904194502661994e-07,0.00038599662366323173
nan,nan,nan,51265.890625,189.74032592773438,189.74032592773438,0.0,271.0,271000.0,0.0007938932976685464,3.1007201073407487e-07,0.00039710168493911624
nan,nan,nan,51448.8984375,183.0098114013672,183.0098114013672,0.0,272.0,272000.0,0.0007850932888686657,3.0836795872346556e-07,0.0003927008365280926
nan,nan,nan,51635.046875,186.1465606689453,186.1465606689453,0.0,273.0,273000.0,0.0007745711482129991,3.572678508589888e-07,0.00038746418431401253
nan,nan,nan,51819.0390625,183.99354553222656,183.99354553222656,0.0,274.0,274000.0,0.0007835680153220892,2.797021352307638e-07,0.0003919238515663892
nan,nan,nan,52003.6171875,184.57736206054688,184.57736206054688,0.0,275.0,275000.0,0.0007670742343179882,3.487694755222037e-07,0.0003837115073110908
nan,nan,nan,52188.18359375,184.56887817382812,184.56887817382812,0.0,276.0,276000.0,0.0007901400094851851,3.3509766694805876e-07,0.000395237555494532
nan,nan,nan,52372.171875,183.98512268066406,183.98512268066406,0.0,277.0,277000.0,0.0008079974795691669,3.448249685789051e-07,0.00040417115087620914
nan,nan,nan,52557.6171875,185.4479217529297,185.4479217529297,0.0,278.0,278000.0,0.0007559696678072214,3.263671430886461e-07,0.0003781480190809816
nan,nan,nan,52742.1953125,184.57566833496094,184.57566833496094,0.0,279.0,279000.0,0.0007938541239127517,2.610046863082971e-07,0.0003970575344283134
nan,nan,nan,52928.44140625,186.24810791015625,186.24810791015625,0.0,280.0,280000.0,0.0007939576171338558,3.3270177368649456e-07,0.0003971451078541577
nan,nan,nan,53111.7265625,183.28549194335938,183.28549194335938,0.0,281.0,281000.0,0.0007658839458599687,2.8668418394772743e-07,0.00038308530929498374
nan,nan,nan,53308.60546875,196.87789916992188,196.87789916992188,0.0,282.0,282000.0,0.000798025808762759,3.1236891118169297e-07,0.0003991690755356103
nan,nan,nan,53564.12890625,255.52183532714844,255.52183532714844,0.0,283.0,283000.0,0.0007883868529461324,3.0828792318970955e-07,0.000394347618566826
nan,nan,nan,53812.5703125,248.4446563720703,248.4446563720703,0.0,284.0,284000.0,0.0007688995101489127,3.5832925959766726e-07,0.000384628918254748
nan,nan,nan,54008.60546875,196.0318603515625,196.0318603515625,0.0,285.0,285000.0,0.0008188410429283977,3.918485731446708e-07,0.000409616477554664
nan,nan,nan,54232.4375,223.83534240722656,223.83534240722656,0.0,286.0,286000.0,0.0008012028993107378,3.2547791306569707e-07,0.0004007641691714525
nan,nan,nan,54500.640625,268.2004089355469,268.2004089355469,0.0,287.0,287000.0,0.0007993244798853993,3.2254300208478526e-07,0.00039982347516343
nan,nan,nan,54790.25390625,289.6153259277344,289.6153259277344,0.0,288.0,288000.0,0.0007668845937587321,2.725912793266616e-07,0.0003835785901173949
nan,nan,nan,56718.59375,1928.3402099609375,1928.3402099609375,0.0,289.0,289000.0,0.0007244760054163635,2.905593703417253e-07,0.00036238328902982175
